repeat,output_tokens,concurrency,engine,engine_version,hardware,devices,dtype,model,n_batches,n_requests,n_errors,n_finish_length,generated_tokens,wall_s,throughput_tok_s,ttft_p50_s,ttft_max_s,itl_mean_s,t_start,t_end,min_window_s,avg_power_w,energy_j,power_samples,power_source,tok_s_per_w,j_per_token,git
0,10,16,max,26.6.0,Apple M4 Pro GPU (24 GB unified),1,bfloat16,HuggingFaceTB/SmolLM2-135M-Instruct,16,256,0,256,2560,5.056432249955833,506.28583029513766,0.18574406200787053,0.42454854199604597,0.012907521371971598,1790638551.9633589,1790638557.0308118,5.0,12.575633596724536,63.72643103415934,7,powermetrics,40.17171460030079,0.02489313712271849,7e1ef71-dirty
0,100,1,max,26.6.0,Apple M4 Pro GPU (24 GB unified),1,bfloat16,HuggingFaceTB/SmolLM2-135M-Instruct,4,4,0,4,400,5.045697209017817,79.27546648758637,0.06624399999418529,0.30397466600697953,0.011476248843451924,1790638559.52334,1790638564.570358,5.0,2.990371624841407,15.092459570213745,6,powermetrics,26.503301078204252,0.037731148925534364,7e1ef71-dirty
0,200,16,max,26.6.0,Apple M4 Pro GPU (24 GB unified),1,bfloat16,HuggingFaceTB/SmolLM2-135M-Instruct,2,32,0,32,6400,5.660748833004618,1130.592469089112,0.2828956035009469,0.37124833300185855,0.012776637353655229,1790638566.523638,1790638572.185979,5.0,9.18624087569203,52.01562723881651,7,powermetrics,123.03994664172805,0.00812744175606508,7e1ef71-dirty
0,200,4,max,26.6.0,Apple M4 Pro GPU (24 GB unified),1,bfloat16,HuggingFaceTB/SmolLM2-135M-Instruct,3,12,0,12,2400,7.224057958010235,332.22324820066177,0.07075487499969313,0.3227248750044964,0.01132169331071621,1790638574.6841118,1790638581.909546,5.0,8.092488753007776,58.471743905520185,8,powermetrics,41.04546640301969,0.024363226627300078,7e1ef71-dirty
0,50,1,max,26.6.0,Apple M4 Pro GPU (24 GB unified),1,bfloat16,HuggingFaceTB/SmolLM2-135M-Instruct,9,9,0,9,450,5.415470833017025,83.09526796016358,0.06449395899835508,0.2395556670089718,0.010570432723377347,1790638583.3056571,1790638588.7243469,5.0,3.44726715443829,18.679671118679195,6,powermetrics,24.09035989664783,0.04151038026373154,7e1ef71-dirty
0,10,1,max,26.6.0,Apple M4 Pro GPU (24 GB unified),1,bfloat16,HuggingFaceTB/SmolLM2-135M-Instruct,30,30,0,30,300,5.063208506020601,59.25096697939134,0.06501656250475207,0.24212912500661332,0.010851658044191059,1790638590.699492,1790638595.7725189,5.0,3.62025954460369,18.365674038548626,6,powermetrics,16.33482111085687,0.061218913461828756,7e1ef71-dirty
0,50,4,max,26.6.0,Apple M4 Pro GPU (24 GB unified),1,bfloat16,HuggingFaceTB/SmolLM2-135M-Instruct,8,32,0,32,1600,5.0384262910083635,317.55947345213315,0.07489524999982677,0.11823929101228714,0.011126059258300784,1790638596.6181161,1790638601.6599429,5.0,8.405624809331531,42.379703804062046,6,powermetrics,37.7539212496016,0.02648731487753878,7e1ef71-dirty
0,2048,2,max,26.6.0,Apple M4 Pro GPU (24 GB unified),1,bfloat16,HuggingFaceTB/SmolLM2-135M-Instruct,1,2,0,2,4096,24.363502207997954,168.12032872085942,0.0746999795010197,0.07494325000152458,0.011865401837809889,1790638602.5170078,1790638626.88093,5.0,10.161445807402847,247.572674269431,25,powermetrics,16.54463689131686,0.0604425474290603,7e1ef71-dirty
0,2048,32,max,26.6.0,Apple M4 Pro GPU (24 GB unified),1,bfloat16,HuggingFaceTB/SmolLM2-135M-Instruct,1,32,0,32,65536,54.07573504099855,1211.92989702891,0.4093845000024885,0.41557724999438506,0.026214482169607138,1790638627.750315,1790638681.827104,5.0,18.392387205594126,994.6012447110459,55,powermetrics,65.89173334388867,0.015176410594345793,7e1ef71-dirty
0,100,32,max,26.6.0,Apple M4 Pro GPU (24 GB unified),1,bfloat16,HuggingFaceTB/SmolLM2-135M-Instruct,3,96,0,96,9600,5.228773959010141,1835.9944559197154,0.3430006040071021,0.5719085839955369,0.013540724234434821,1790638683.319838,1790638688.551518,5.0,11.796543411705546,61.71573924974637,6,powermetrics,155.5518918950558,0.006428722838515247,7e1ef71-dirty
0,1024,1,max,26.6.0,Apple M4 Pro GPU (24 GB unified),1,bfloat16,HuggingFaceTB/SmolLM2-135M-Instruct,1,1,0,1,1024,11.242710708000232,91.08123713183592,0.24371545801113825,0.24371545801113825,0.010751613025407976,1790638690.637165,1790638701.880277,5.0,5.284577571069563,59.41509670535968,11,powermetrics,17.234676989217583,0.05802255537632781,7e1ef71-dirty
0,2048,1,max,26.6.0,Apple M4 Pro GPU (24 GB unified),1,bfloat16,HuggingFaceTB/SmolLM2-135M-Instruct,1,1,0,1,2048,22.032903583007283,92.95188862803835,0.07665849999466445,0.07665849999466445,0.01072600873229525,1790638702.78511,1790638724.819166,5.0,5.535914128900884,121.97864164095095,23,powermetrics,16.78982461559435,0.05955988361374558,7e1ef71-dirty
0,1024,2,max,26.6.0,Apple M4 Pro GPU (24 GB unified),1,bfloat16,HuggingFaceTB/SmolLM2-135M-Instruct,1,2,0,2,2048,11.604035707990988,176.49032212040402,0.07494852050149348,0.07506804099830333,0.011269550036659401,1790638725.7328541,1790638737.3373508,5.0,10.384679996467463,120.50898493080655,13,powermetrics,16.994583442686153,0.058842277798245385,7e1ef71-dirty
0,10,4,max,26.6.0,Apple M4 Pro GPU (24 GB unified),1,bfloat16,HuggingFaceTB/SmolLM2-135M-Instruct,26,104,0,104,1040,5.04320979496697,206.21787359270692,0.07320697899558581,0.30393595799978357,0.01157864222965829,1790638738.8485508,1790638743.902171,5.0,9.343075096895136,47.2163521056783,6,powermetrics,22.02626746073694,0.04540033856315221,7e1ef71-dirty
0,200,32,max,26.6.0,Apple M4 Pro GPU (24 GB unified),1,bfloat16,HuggingFaceTB/SmolLM2-135M-Instruct,2,64,0,64,12800,6.433209417009493,1989.6756300450324,0.39014672900520964,0.5176950829918496,0.014151510190950104,1790638745.4044852,1790638751.839596,5.0,12.552452206146427,80.77642085138112,7,powermetrics,158.46208417120212,0.0063106578790141496,7e1ef71-dirty
0,10,32,max,26.6.0,Apple M4 Pro GPU (24 GB unified),1,bfloat16,HuggingFaceTB/SmolLM2-135M-Instruct,11,352,0,352,3520,5.103176999007701,689.7663946761899,0.3209694999968633,0.5172312500071712,0.013320507404125348,1790638753.36881,1790638758.482311,5.0,16.876064353952618,86.29577316389522,6,powermetrics,40.78994684148345,0.02451584464883387,7e1ef71-dirty
0,1024,16,max,26.6.0,Apple M4 Pro GPU (24 GB unified),1,bfloat16,HuggingFaceTB/SmolLM2-135M-Instruct,1,16,0,16,16384,15.976846292003756,1025.4839847961746,0.3375089375040261,0.3415559580025729,0.015284269463767574,1790638760.597613,1790638776.5750542,5.0,13.332380072848576,213.01731696963128,17,powermetrics,76.9139346653952,0.013001545225197222,7e1ef71-dirty
0,50,2,max,26.6.0,Apple M4 Pro GPU (24 GB unified),1,bfloat16,HuggingFaceTB/SmolLM2-135M-Instruct,8,16,0,16,800,5.081547875000979,157.43234535596025,0.06618758300464833,0.2691183330025524,0.011089095876277311,1790638778.700212,1790638783.7849998,5.0,8.011315931702436,40.73584187687489,6,powermetrics,19.63872509172684,0.05091980234609362,7e1ef71-dirty
0,100,2,max,26.6.0,Apple M4 Pro GPU (24 GB unified),1,bfloat16,HuggingFaceTB/SmolLM2-135M-Instruct,5,10,0,10,1000,6.086916790998657,164.28678661729066,0.06615508349932497,0.2578817499888828,0.011241764057606383,1790638785.324352,1790638791.413125,5.0,9.601247906763957,58.459819137774126,6,powermetrics,17.105766229677652,0.05845981913777413,7e1ef71-dirty
0,1024,4,max,26.6.0,Apple M4 Pro GPU (24 GB unified),1,bfloat16,HuggingFaceTB/SmolLM2-135M-Instruct,1,4,0,4,4096,12.937411082995823,316.6012097569925,0.2572443335011485,0.25787841599958483,0.012394303335778175,1790638792.9486039,1790638805.886485,5.0,10.56227378852395,136.65344380848026,14,powermetrics,29.973631734744586,0.03336265717980475,7e1ef71-dirty
0,50,32,max,26.6.0,Apple M4 Pro GPU (24 GB unified),1,bfloat16,HuggingFaceTB/SmolLM2-135M-Instruct,5,160,0,160,8000,5.076956582983257,1575.7471763327826,0.30895016699651023,0.35274291700625326,0.01429775485128964,1790638806.872573,1790638811.954488,5.0,14.326491528508033,72.80601420398402,6,powermetrics,109.88103232222032,0.009100751775498003,7e1ef71-dirty
0,2048,16,max,26.6.0,Apple M4 Pro GPU (24 GB unified),1,bfloat16,HuggingFaceTB/SmolLM2-135M-Instruct,1,16,0,16,32768,39.33120783299091,833.1297665492563,0.20272806300636148,0.2054134170030011,0.01911574955468344,1790638812.907191,1790638852.239887,5.0,16.030811800513856,630.535046557599,41,powermetrics,51.96856253890506,0.01924240254387204,7e1ef71-dirty
0,200,1,max,26.6.0,Apple M4 Pro GPU (24 GB unified),1,bfloat16,HuggingFaceTB/SmolLM2-135M-Instruct,3,3,0,3,600,6.981760542010306,85.93820948021771,0.06827937500202097,0.25483545899624005,0.011040876395315933,1790638854.44313,1790638861.42627,5.0,4.691386032318145,32.7606054190663,8,powermetrics,18.314679851758992,0.05460100903177717,7e1ef71-dirty
0,200,2,max,26.6.0,Apple M4 Pro GPU (24 GB unified),1,bfloat16,HuggingFaceTB/SmolLM2-135M-Instruct,3,6,0,6,1200,7.437582416983787,161.34274993172366,0.11623158299335046,0.2621770419937093,0.011713241729487539,1790638863.6291,1790638871.0685928,5.0,8.61095814852712,64.06116030736376,9,powermetrics,18.732099047885356,0.05338430025613647,7e1ef71-dirty
0,50,16,max,26.6.0,Apple M4 Pro GPU (24 GB unified),1,bfloat16,HuggingFaceTB/SmolLM2-135M-Instruct,7,112,0,112,5600,5.867582834966015,954.396411181204,0.2043391875049565,0.380073624997749,0.012846121665811406,1790638873.290254,1790638879.16255,5.0,10.835862514167873,63.631390543289776,7,powermetrics,88.00687761475528,0.011362748311301745,7e1ef71-dirty
0,10,2,max,26.6.0,Apple M4 Pro GPU (24 GB unified),1,bfloat16,HuggingFaceTB/SmolLM2-135M-Instruct,29,58,0,58,580,5.122761876016739,113.22017576405202,0.0667574999970384,0.25720216700574383,0.011452438703275837,1790638881.380547,1790638886.513978,5.0,7.943335439796094,40.77656405479299,6,powermetrics,14.22385660598162,0.07030442078412585,7e1ef71-dirty
0,100,16,max,26.6.0,Apple M4 Pro GPU (24 GB unified),1,bfloat16,HuggingFaceTB/SmolLM2-135M-Instruct,4,64,0,64,6400,5.982142167995335,1069.8508695163111,0.18229875050019473,0.40727524999238085,0.012727516571495205,1790638888.751662,1790638894.736539,5.0,11.795162672349456,70.59259626871258,6,powermetrics,90.66106558311343,0.011030093166986341,7e1ef71-dirty
0,1024,32,max,26.6.0,Apple M4 Pro GPU (24 GB unified),1,bfloat16,HuggingFaceTB/SmolLM2-135M-Instruct,1,32,0,32,32768,22.99892179199378,1424.7624430553506,0.3217108539902256,0.3321570420084754,0.02216628880672612,1790638895.723444,1790638918.724086,5.0,11.202541579920613,257.6656490558395,24,powermetrics,127.1725591675542,0.007863331575190414,7e1ef71-dirty
0,100,4,max,26.6.0,Apple M4 Pro GPU (24 GB unified),1,bfloat16,HuggingFaceTB/SmolLM2-135M-Instruct,5,20,0,20,2000,6.182203874996048,323.50922752467113,0.07604295849887421,0.11960229200485628,0.011597617003031021,1790638919.721468,1790638925.905673,5.0,9.675312217776476,59.83411472816782,7,powermetrics,33.42574731967196,0.02991705736408391,7e1ef71-dirty
0,2048,4,max,26.6.0,Apple M4 Pro GPU (24 GB unified),1,bfloat16,HuggingFaceTB/SmolLM2-135M-Instruct,1,4,0,4,8192,27.568865875000483,297.1467900472658,0.07936650000192458,0.07960812500095926,0.013428874547262675,1790638926.905864,1790638954.4759638,5.0,10.383636703366875,286.277900516792,29,powermetrics,28.615551480612762,0.03494603277792871,7e1ef71-dirty
1,2048,2,max,26.6.0,Apple M4 Pro GPU (24 GB unified),1,bfloat16,HuggingFaceTB/SmolLM2-135M-Instruct,1,2,0,2,4096,25.652834458000143,159.67046474751695,0.4107374995073769,0.41092658300476614,0.012331035692717169,1790638956.134381,1790638981.788404,5.0,10.871881153432842,278.90748842471675,26,powermetrics,14.68587316580996,0.06809264854119061,7e1ef71-dirty
1,200,2,max,26.6.0,Apple M4 Pro GPU (24 GB unified),1,bfloat16,HuggingFaceTB/SmolLM2-135M-Instruct,2,4,0,4,800,5.345990125002572,149.64487050929878,0.16043614600494038,0.24831991699466016,0.012624880704762158,1790638983.458247,1790638988.805044,5.0,7.943001093695819,42.46961433489872,6,powermetrics,18.836997051386287,0.0530870179186234,7e1ef71-dirty
1,100,2,max,26.6.0,Apple M4 Pro GPU (24 GB unified),1,bfloat16,HuggingFaceTB/SmolLM2-135M-Instruct,5,10,0,10,1000,6.02901933301473,165.86445402887162,0.06730229149980005,0.2499491670023417,0.011134832241437798,1790638990.464324,1790638996.495214,5.0,9.298278679582998,56.07689579382473,6,powermetrics,17.832656138397045,0.05607689579382473,7e1ef71-dirty
1,100,1,max,26.6.0,Apple M4 Pro GPU (24 GB unified),1,bfloat16,HuggingFaceTB/SmolLM2-135M-Instruct,5,5,0,5,500,6.128336373993079,81.58821081066277,0.06537250000110362,0.07183683400216978,0.011707422472689433,1790638997.525971,1790639003.656089,5.0,3.21864403415577,19.73066815306539,7,powermetrics,25.341260423678005,0.03946133630613078,7e1ef71-dirty
1,1024,16,max,26.6.0,Apple M4 Pro GPU (24 GB unified),1,bfloat16,HuggingFaceTB/SmolLM2-135M-Instruct,1,16,0,16,16384,16.29250491700077,1005.6157775287063,0.4090686875060783,0.41199895800673403,0.015523316321114776,1790639004.699012,1790639020.9922152,5.0,13.333360038089996,217.2431433122012,17,powermetrics,75.41780030522976,0.013259469196301343,7e1ef71-dirty
1,10,2,max,26.6.0,Apple M4 Pro GPU (24 GB unified),1,bfloat16,HuggingFaceTB/SmolLM2-135M-Instruct,29,58,0,58,580,5.101881459995639,113.68355077393268,0.06697697949857684,0.2681542500067735,0.011115095867722748,1790639022.035657,1790639027.1482592,5.0,8.32138959018663,42.54395500782985,6,powermetrics,13.63295913351864,0.07335164656522387,7e1ef71-dirty
1,50,1,max,26.6.0,Apple M4 Pro GPU (24 GB unified),1,bfloat16,HuggingFaceTB/SmolLM2-135M-Instruct,9,9,0,9,450,5.4578037099854555,82.45074830681281,0.0649934579996625,0.25302862499665935,0.010609388512501422,1790639028.847132,1790639034.308011,5.0,4.189402301905012,22.8778194193801,7,powermetrics,19.669706791146325,0.050839598709733556,7e1ef71-dirty
1,2048,32,max,26.6.0,Apple M4 Pro GPU (24 GB unified),1,bfloat16,HuggingFaceTB/SmolLM2-135M-Instruct,1,32,0,32,65536,57.35595374999684,1142.618956101024,0.5506603330068174,0.5554532910027774,0.02775217460452828,1790639036.016949,1790639093.374594,5.0,15.25784250436339,875.1539143620072,58,powermetrics,74.88511326350653,0.013353788976471057,7e1ef71-dirty
1,50,4,max,26.6.0,Apple M4 Pro GPU (24 GB unified),1,bfloat16,HuggingFaceTB/SmolLM2-135M-Instruct,8,32,0,32,1600,5.455735665018437,293.2693404225978,0.10689579150493955,0.2683021670090966,0.011425611926008097,1790639095.787054,1790639101.245943,5.0,9.94264874893461,54.27581596167244,6,powermetrics,29.47905934992963,0.03392238497604528,7e1ef71-dirty
1,1024,1,max,26.6.0,Apple M4 Pro GPU (24 GB unified),1,bfloat16,HuggingFaceTB/SmolLM2-135M-Instruct,1,1,0,1,1024,11.497308791003888,89.06432093058443,0.2475761660025455,0.2475761660025455,0.010996709921793172,1790639102.9947689,1790639114.49245,5.0,5.101394218796614,58.65420410175237,13,powermetrics,17.45825411292908,0.05727949619311755,7e1ef71-dirty
1,50,32,max,26.6.0,Apple M4 Pro GPU (24 GB unified),1,bfloat16,HuggingFaceTB/SmolLM2-135M-Instruct,5,160,0,160,8000,5.323430417993222,1502.7903761003354,0.3331982914969558,0.5857321250077803,0.01394626725063137,1790639115.574476,1790639120.903018,5.0,13.468099272118584,71.76533255212215,6,powermetrics,111.47443640966497,0.008970666569015268,7e1ef71-dirty
1,2048,16,max,26.6.0,Apple M4 Pro GPU (24 GB unified),1,bfloat16,HuggingFaceTB/SmolLM2-135M-Instruct,1,16,0,16,32768,39.65170862499508,826.395662035713,0.22608849999960512,0.22870295800385065,0.019260531589703877,1790639121.98636,1790639161.638836,5.0,15.982765795492904,633.7562344645512,41,powermetrics,51.704422328381625,0.01934070539747776,7e1ef71-dirty
1,200,4,max,26.6.0,Apple M4 Pro GPU (24 GB unified),1,bfloat16,HuggingFaceTB/SmolLM2-135M-Instruct,3,12,0,12,2400,7.312404332988081,328.2094220601289,0.11905289599962998,0.260995249991538,0.011483606976115494,1790639163.412081,1790639170.7257779,5.0,9.827683826951345,71.8767003586994,8,powermetrics,33.3905144229332,0.02994862514945808,7e1ef71-dirty
1,100,16,max,26.6.0,Apple M4 Pro GPU (24 GB unified),1,bfloat16,HuggingFaceTB/SmolLM2-135M-Instruct,4,64,0,64,6400,5.8481963759841165,1094.3544964190824,0.1818812919955235,0.3224012909922749,0.012538649168090334,1790639172.514239,1790639178.3651352,5.0,10.781674564996898,63.08245788021297,7,powermetrics,101.45451231708401,0.009856634043783277,7e1ef71-dirty
1,10,1,max,26.6.0,Apple M4 Pro GPU (24 GB unified),1,bfloat16,HuggingFaceTB/SmolLM2-135M-Instruct,28,28,0,28,280,5.096774167031981,54.93670914657245,0.0666123124974547,0.2505399159999797,0.011812428904661266,1790639180.837145,1790639185.9434838,5.0,3.484282299299565,17.791925683902146,6,powermetrics,15.737475806418166,0.06354259172822195,7e1ef71-dirty
1,200,32,max,26.6.0,Apple M4 Pro GPU (24 GB unified),1,bfloat16,HuggingFaceTB/SmolLM2-135M-Instruct,2,64,0,64,12800,6.432546458003344,1989.8806924393527,0.40651179200358456,0.5057060830004048,0.014012453808730348,1790639187.74158,1790639194.1762402,5.0,11.752475132095123,75.62318394054886,8,powermetrics,169.26026296463155,0.005908061245355379,7e1ef71-dirty
1,1024,4,max,26.6.0,Apple M4 Pro GPU (24 GB unified),1,bfloat16,HuggingFaceTB/SmolLM2-135M-Instruct,1,4,0,4,4096,13.513057042000582,303.11423886312514,0.3124380830049631,0.3127339999919059,0.012903203119746213,1790639196.663372,1790639210.177789,5.0,10.595778100306978,143.19576297773168,14,powermetrics,28.604198300455074,0.03495990307073527,7e1ef71-dirty
1,50,2,max,26.6.0,Apple M4 Pro GPU (24 GB unified),1,bfloat16,HuggingFaceTB/SmolLM2-135M-Instruct,8,16,0,16,800,5.040508540987503,158.7141443159363,0.06641052100167144,0.24479916699056048,0.01104451206122446,1790639211.989011,1790639217.0326662,5.0,9.075689418147176,45.77464773797819,7,powermetrics,17.476923133943814,0.05721830967247274,7e1ef71-dirty
1,100,4,max,26.6.0,Apple M4 Pro GPU (24 GB unified),1,bfloat16,HuggingFaceTB/SmolLM2-135M-Instruct,4,16,0,16,1600,5.12948533501185,311.9221316569577,0.11389316649729153,0.26372804200218525,0.011516808003155651,1790639218.853775,1790639223.984975,5.0,9.387982466895458,48.1716163396365,6,powermetrics,33.2145799036328,0.030107260212272814,7e1ef71-dirty
1,1024,2,max,26.6.0,Apple M4 Pro GPU (24 GB unified),1,bfloat16,HuggingFaceTB/SmolLM2-135M-Instruct,1,2,0,2,2048,11.850232791999588,172.8236091178445,0.07024927100428613,0.07042379199992865,0.011514806899809158,1790639225.112742,1790639236.963392,5.0,9.972662533897457,118.18253397633872,12,powermetrics,17.329125811518217,0.05770631541813414,7e1ef71-dirty
1,100,32,max,26.6.0,Apple M4 Pro GPU (24 GB unified),1,bfloat16,HuggingFaceTB/SmolLM2-135M-Instruct,3,96,0,96,9600,5.217662542985636,1839.9043481464241,0.3552027295008884,0.5175937909953063,0.013535021982524903,1790639238.098124,1790639243.318639,5.0,12.796669171379762,66.80520352226911,6,powermetrics,143.70138093808663,0.006958875366903032,7e1ef71-dirty
1,200,1,max,26.6.0,Apple M4 Pro GPU (24 GB unified),1,bfloat16,HuggingFaceTB/SmolLM2-135M-Instruct,3,3,0,3,600,7.160530957989977,83.7926689403526,0.06660954200197011,0.24680174999230076,0.011361120113896455,1790639245.1364381,1790639252.2979882,5.0,3.8606876368238217,27.648507719278424,8,powermetrics,21.700990378646697,0.046080846198797376,7e1ef71-dirty
1,10,16,max,26.6.0,Apple M4 Pro GPU (24 GB unified),1,bfloat16,HuggingFaceTB/SmolLM2-135M-Instruct,16,256,0,256,2560,5.100341915007448,501.92713403533884,0.19224833350017434,0.3911087500018766,0.013165891458318887,1790639254.1402812,1790639259.251148,5.0,14.32976409148345,73.2375153327569,6,powermetrics,34.95476312062966,0.028608404426858164,7e1ef71-dirty
1,50,16,max,26.6.0,Apple M4 Pro GPU (24 GB unified),1,bfloat16,HuggingFaceTB/SmolLM2-135M-Instruct,7,112,0,112,5600,5.790418251010124,967.1149401035226,0.2021730420019594,0.3539299160038354,0.01236135552571053,1790639261.124348,1790639266.919499,5.0,11.41676967615409,66.16190415135596,6,powermetrics,84.64085294747719,0.011814625741313563,7e1ef71-dirty
1,10,4,max,26.6.0,Apple M4 Pro GPU (24 GB unified),1,bfloat16,HuggingFaceTB/SmolLM2-135M-Instruct,26,104,0,104,1040,5.145446541922865,202.12045573237063,0.07316108300437918,0.26513408300525043,0.011784849409172564,1790639268.7628999,1790639273.91915,5.0,8.952235471014436,46.159966281797445,6,powermetrics,22.530345747026896,0.04438458296326677,7e1ef71-dirty
1,1024,32,max,26.6.0,Apple M4 Pro GPU (24 GB unified),1,bfloat16,HuggingFaceTB/SmolLM2-135M-Instruct,1,32,0,32,32768,20.597132957991562,1590.9010281591748,0.46256020800501574,0.4685121249931399,0.019683371424730933,1790639275.77449,1790639296.372654,5.0,15.880089170058396,327.10067856877265,22,powermetrics,100.17710798820784,0.009982320512963033,7e1ef71-dirty
1,2048,1,max,26.6.0,Apple M4 Pro GPU (24 GB unified),1,bfloat16,HuggingFaceTB/SmolLM2-135M-Instruct,1,1,0,1,2048,22.343943583997316,91.6579471435281,0.2476852089894237,0.2476852089894237,0.010794406936983485,1790639298.946739,1790639321.29108,5.0,5.640862188602234,126.04134849983764,23,powermetrics,16.24863605773496,0.06154362719718635,7e1ef71-dirty
1,2048,4,max,26.6.0,Apple M4 Pro GPU (24 GB unified),1,bfloat16,HuggingFaceTB/SmolLM2-135M-Instruct,1,4,0,4,8192,27.39856362499995,298.9937761746448,0.2774139999964973,0.27766558299481403,0.013248947692844161,1790639323.183389,1790639350.582384,5.0,11.798449738776732,323.2656673007122,28,powermetrics,25.34138582795907,0.03946114102791897,7e1ef71-dirty
1,200,16,max,26.6.0,Apple M4 Pro GPU (24 GB unified),1,bfloat16,HuggingFaceTB/SmolLM2-135M-Instruct,2,32,0,32,6400,5.7776200829976005,1107.7225411262227,0.3197749164974084,0.5492842089879559,0.01282508637626705,1790639352.506455,1790639358.285673,5.0,10.240230161967785,59.18052205070883,7,powermetrics,108.14368948141687,0.009246956570423254,7e1ef71-dirty
1,10,32,max,26.6.0,Apple M4 Pro GPU (24 GB unified),1,bfloat16,HuggingFaceTB/SmolLM2-135M-Instruct,11,352,0,352,3520,5.174946708008065,680.2002413962857,0.3212173755018739,0.5424045419931645,0.013987029567557109,1790639360.195541,1790639365.3810718,5.0,17.201074249658415,89.1967020512285,6,powermetrics,39.46334246728486,0.02533997217364446,7e1ef71-dirty
2,10,16,max,26.6.0,Apple M4 Pro GPU (24 GB unified),1,bfloat16,HuggingFaceTB/SmolLM2-135M-Instruct,17,272,0,272,2720,5.188468542997725,524.2394701748493,0.18771674949675798,0.34619912499329075,0.012529907795783253,1790639367.2721899,1790639372.471901,5.0,14.041447528237729,73.01147035311911,6,powermetrics,37.254420255403055,0.026842452335705553,7e1ef71-dirty
2,1024,4,max,26.6.0,Apple M4 Pro GPU (24 GB unified),1,bfloat16,HuggingFaceTB/SmolLM2-135M-Instruct,1,4,0,4,4096,12.66475820800406,323.417149599536,0.2781962084991392,0.27868391599622555,0.012107369705284247,1790639374.384676,1790639387.049897,5.0,10.553918446611657,133.66770928770907,14,powermetrics,30.643152499783525,0.0326337180878196,7e1ef71-dirty
2,200,4,max,26.6.0,Apple M4 Pro GPU (24 GB unified),1,bfloat16,HuggingFaceTB/SmolLM2-135M-Instruct,3,12,0,12,2400,7.556558583994047,317.6048955782026,0.07006870899931528,0.26300954099860974,0.011982974752925297,1790639389.689523,1790639397.2472918,5.0,8.920346829998408,67.41791915065788,9,powermetrics,35.598844198035145,0.02809079964610745,7e1ef71-dirty
2,200,1,max,26.6.0,Apple M4 Pro GPU (24 GB unified),1,bfloat16,HuggingFaceTB/SmolLM2-135M-Instruct,3,3,0,3,600,6.688655416990514,89.70412774978372,0.06514074999722652,0.24702129200159106,0.010572755026788618,1790639399.920176,1790639406.609888,5.0,4.59804420939225,30.759591742862558,7,powermetrics,19.506110647233275,0.051265986238104265,7e1ef71-dirty
2,10,1,max,26.6.0,Apple M4 Pro GPU (24 GB unified),1,bfloat16,HuggingFaceTB/SmolLM2-135M-Instruct,27,27,0,27,270,5.028601376034203,53.69286205241725,0.06835012500232551,0.2543644580000546,0.012267019032989821,1790639407.810323,1790639412.848044,5.0,2.78125978855429,14.011210617015028,6,powermetrics,19.27028344518036,0.05189337265561121,7e1ef71-dirty
2,2048,1,max,26.6.0,Apple M4 Pro GPU (24 GB unified),1,bfloat16,HuggingFaceTB/SmolLM2-135M-Instruct,1,1,0,1,2048,23.319901625000057,87.82198282536687,0.26662391699210275,0.26662391699210275,0.011261923546656526,1790639414.07098,1790639437.392004,5.0,4.267276056357217,99.51724707333359,24,powermetrics,20.57934740187138,0.04859240579752617,7e1ef71-dirty
2,10,32,max,26.6.0,Apple M4 Pro GPU (24 GB unified),1,bfloat16,HuggingFaceTB/SmolLM2-135M-Instruct,11,352,0,352,3520,5.2617324169841595,668.9811873819194,0.33357556249393383,0.5126941249909578,0.014874410734835398,1790639439.346417,1790639444.620404,5.0,16.388566259804943,86.43308630135023,6,powermetrics,40.72514531909075,0.024554854062883588,7e1ef71-dirty
2,50,4,max,26.6.0,Apple M4 Pro GPU (24 GB unified),1,bfloat16,HuggingFaceTB/SmolLM2-135M-Instruct,8,32,0,32,1600,5.29205920700042,302.33977690262697,0.09064527100417763,0.2623272500059102,0.0112451919368809,1790639446.5890079,1790639451.884563,5.0,8.83733511579636,46.79859517318068,6,powermetrics,34.189060463868955,0.029249121983237925,7e1ef71-dirty
2,100,32,max,26.6.0,Apple M4 Pro GPU (24 GB unified),1,bfloat16,HuggingFaceTB/SmolLM2-135M-Instruct,3,96,0,96,9600,5.469694125014939,1755.1255665459682,0.3579116670007352,0.5101390410127351,0.014353436342283964,1790639453.109927,1790639458.5825548,5.0,11.943109052303098,65.36019155188639,6,powermetrics,146.8783945098908,0.006808353286654832,7e1ef71-dirty
2,200,2,max,26.6.0,Apple M4 Pro GPU (24 GB unified),1,bfloat16,HuggingFaceTB/SmolLM2-135M-Instruct,2,4,0,4,800,5.916578624994145,135.21327961745658,0.18060204150242498,0.2820786669908557,0.013956587678387505,1790639460.562517,1790639466.4798641,5.0,8.123497867833597,48.06955730365177,7,powermetrics,16.64254977316434,0.060086946629564715,7e1ef71-dirty
2,1024,1,max,26.6.0,Apple M4 Pro GPU (24 GB unified),1,bfloat16,HuggingFaceTB/SmolLM2-135M-Instruct,1,1,0,1,1024,13.482652958991821,75.94944430554939,0.27590762500767596,0.27590762500767596,0.012909708007812689,1790639468.502793,1790639481.985814,5.0,2.462568519125234,33.20286310874572,14,powermetrics,30.84071384585734,0.03242467100463449,7e1ef71-dirty
2,1024,32,max,26.6.0,Apple M4 Pro GPU (24 GB unified),1,bfloat16,HuggingFaceTB/SmolLM2-135M-Instruct,1,32,0,32,32768,20.818395249996684,1573.992596763923,0.507687312507187,0.5132848329958506,0.019858016468811825,1790639483.979136,1790639504.7993212,5.0,15.809544545347118,329.15764511639304,22,powermetrics,99.55108285093286,0.01004509415028055,7e1ef71-dirty
2,100,4,max,26.6.0,Apple M4 Pro GPU (24 GB unified),1,bfloat16,HuggingFaceTB/SmolLM2-135M-Instruct,4,16,0,16,1600,5.12780112499604,312.02458149178625,0.09011008299421519,0.32114474999252707,0.011504016309972389,1790639506.815783,1790639511.94518,5.0,10.163900775343262,52.13468128584117,5,powermetrics,30.689743574485625,0.03258417580365073,7e1ef71-dirty
2,200,16,max,26.6.0,Apple M4 Pro GPU (24 GB unified),1,bfloat16,HuggingFaceTB/SmolLM2-135M-Instruct,2,32,0,32,6400,5.736749375006184,1115.6143630543563,0.2974100210049073,0.4447648329951335,0.012867691288631624,1790639513.176346,1790639518.914335,5.0,11.095128122962288,63.66372255532203,6,powermetrics,100.52820889382608,0.009947456649269068,7e1ef71-dirty
2,100,1,max,26.6.0,Apple M4 Pro GPU (24 GB unified),1,bfloat16,HuggingFaceTB/SmolLM2-135M-Instruct,5,5,0,5,500,5.886218208019272,84.9441835708383,0.06507441701251082,0.2521195000008447,0.0108578901515093,1790639520.173533,1790639526.061526,5.0,4.463310577369026,26.27994187067855,7,powermetrics,19.025917274111915,0.052559883741357095,7e1ef71-dirty
2,100,16,max,26.6.0,Apple M4 Pro GPU (24 GB unified),1,bfloat16,HuggingFaceTB/SmolLM2-135M-Instruct,4,64,0,64,6400,5.964062708007987,1073.094015494954,0.1973523125052452,0.4066759160050424,0.012671523878475685,1790639528.074891,1790639534.041684,5.0,11.258157768828767,67.17509496268683,7,powermetrics,95.27340457880935,0.010496108587919818,7e1ef71-dirty
2,1024,16,max,26.6.0,Apple M4 Pro GPU (24 GB unified),1,bfloat16,HuggingFaceTB/SmolLM2-135M-Instruct,1,16,0,16,16384,16.293027375009842,1005.5835310956202,0.3620381879954948,0.3801938750111731,0.015564896230509337,1790639536.069825,1790639552.3635619,5.0,13.735959321891157,223.8101077361109,17,powermetrics,73.20491538888842,0.013660284896002862,7e1ef71-dirty
2,2048,16,max,26.6.0,Apple M4 Pro GPU (24 GB unified),1,bfloat16,HuggingFaceTB/SmolLM2-135M-Instruct,1,16,0,16,32768,39.66797483401024,826.0567910793775,0.3714702290017158,0.37469275000330526,0.019197583410967025,1790639554.4164789,1790639594.0859241,5.0,15.891813472181198,630.4194248752294,41,powermetrics,51.97809380078245,0.019238874050147382,7e1ef71-dirty
2,50,2,max,26.6.0,Apple M4 Pro GPU (24 GB unified),1,bfloat16,HuggingFaceTB/SmolLM2-135M-Instruct,8,16,0,16,800,5.180851873999927,154.41476024720856,0.0681418539970764,0.2625663749931846,0.011331074617392377,1790639596.9451609,1790639602.129042,5.0,8.527658206464016,44.20636572950703,7,powermetrics,18.09694117121266,0.05525795716188378,7e1ef71-dirty
2,200,32,max,26.6.0,Apple M4 Pro GPU (24 GB unified),1,bfloat16,HuggingFaceTB/SmolLM2-135M-Instruct,2,64,0,64,12800,6.655226999995648,1923.3002871289546,0.40441212500445545,0.5488794999982929,0.014597076999602242,1790639604.966871,1790639611.624979,5.0,13.029752623429083,86.75350012778496,7,powermetrics,147.54447925612263,0.0067776171974832,7e1ef71-dirty
2,50,16,max,26.6.0,Apple M4 Pro GPU (24 GB unified),1,bfloat16,HuggingFaceTB/SmolLM2-135M-Instruct,6,96,0,96,4800,5.382335292029893,891.8062029892101,0.19021164599689655,0.3800524169928394,0.013957742480657903,1790639613.733321,1790639619.119766,5.0,11.53788815189427,62.14820047097165,7,powermetrics,77.23473831301031,0.01294754176478576,7e1ef71-dirty
2,50,32,max,26.6.0,Apple M4 Pro GPU (24 GB unified),1,bfloat16,HuggingFaceTB/SmolLM2-135M-Instruct,5,160,0,160,8000,5.102228042000206,1567.942462419573,0.335984395504056,0.4641906659962842,0.013539659018114231,1790639621.188343,1790639626.295978,5.0,13.671194394841113,69.82747127285644,6,powermetrics,114.56808981008862,0.008728433909107056,7e1ef71-dirty
2,1024,2,max,26.6.0,Apple M4 Pro GPU (24 GB unified),1,bfloat16,HuggingFaceTB/SmolLM2-135M-Instruct,1,2,0,2,2048,13.441745415999321,152.36116565355604,0.2606553959994926,0.26089779200265184,0.012884380661285076,1790639628.3936489,1790639641.838206,5.0,9.145411211979892,122.95600406499501,14,powermetrics,16.656364327824278,0.06003711135986085,7e1ef71-dirty
2,50,1,max,26.6.0,Apple M4 Pro GPU (24 GB unified),1,bfloat16,HuggingFaceTB/SmolLM2-135M-Instruct,8,8,0,8,400,5.414915707980981,73.87003262312,0.06586870850151172,0.26359712501289323,0.011946036987197027,1790639643.1955042,1790639648.613106,5.0,3.0857927141415336,16.717596236022793,6,powermetrics,23.926884843533113,0.04179399059005698,7e1ef71-dirty
2,100,2,max,26.6.0,Apple M4 Pro GPU (24 GB unified),1,bfloat16,HuggingFaceTB/SmolLM2-135M-Instruct,5,10,0,10,1000,5.9894699990109075,166.95968093422934,0.06653224999899976,0.2518031249928754,0.011053448736375418,1790639650.7232919,1790639656.714711,5.0,8.52299057796049,51.06480834119811,7,powermetrics,19.582958058284127,0.05106480834119811,7e1ef71-dirty
2,2048,2,max,26.6.0,Apple M4 Pro GPU (24 GB unified),1,bfloat16,HuggingFaceTB/SmolLM2-135M-Instruct,1,2,0,2,4096,24.89060212500044,164.56010101442763,0.24606006249814527,0.2461790410015965,0.012039191947483057,1790639658.022764,1790639682.913769,5.0,10.324983286369642,256.99921101083834,25,powermetrics,15.937792119631297,0.06274394800069295,7e1ef71-dirty
2,10,4,max,26.6.0,Apple M4 Pro GPU (24 GB unified),1,bfloat16,HuggingFaceTB/SmolLM2-135M-Instruct,25,100,0,100,1000,5.081819493992953,196.7799134113414,0.07541808299720287,0.26105004201235715,0.012205608141165511,1790639685.0218298,1790639690.1138291,5.0,8.117622823796848,41.3349296745298,6,powermetrics,24.192614040327996,0.041334929674529806,7e1ef71-dirty
2,10,2,max,26.6.0,Apple M4 Pro GPU (24 GB unified),1,bfloat16,HuggingFaceTB/SmolLM2-135M-Instruct,29,58,0,58,580,5.045649624997168,114.95051046084588,0.0664546039988636,0.2589565000089351,0.011164608557428228,1790639693.064074,1790639698.123661,5.0,7.605137093515115,38.47885278526019,6,powermetrics,15.073214454620548,0.06634284962975895,7e1ef71-dirty
2,2048,32,max,26.6.0,Apple M4 Pro GPU (24 GB unified),1,bfloat16,HuggingFaceTB/SmolLM2-135M-Instruct,1,32,0,32,65536,54.90591095799755,1193.6055491390418,0.6228365620045224,0.6313065840076888,0.02651835033161378,1790639701.044916,1790639755.952062,5.0,18.576464731014855,1019.9806607228011,54,powermetrics,64.25219861870562,0.0155636697497986,7e1ef71-dirty
2,2048,4,max,26.6.0,Apple M4 Pro GPU (24 GB unified),1,bfloat16,HuggingFaceTB/SmolLM2-135M-Instruct,1,4,0,4,8192,26.905259791004937,304.4757814506879,0.2949432494933717,0.3016203330043936,0.012999342869688256,1790639757.32371,1790639784.229478,5.0,11.471744913394323,308.6561062500752,28,powermetrics,26.54086484640219,0.03767774734497988,7e1ef71-dirty
