repeat,output_tokens,concurrency,engine,engine_version,hardware,devices,dtype,model,n_requests,n_errors,n_finish_length,generated_tokens,wall_s,throughput_tok_s,ttft_p50_s,ttft_max_s,itl_mean_s,t_start,t_end,avg_power_w,energy_j,power_samples,power_source,tok_s_per_w,j_per_token,git
0,10,16,max,26.6.0,Apple M4 Pro GPU (24 GB unified),1,bfloat16,HuggingFaceTB/SmolLM2-135M-Instruct,16,0,16,160,0.4783573339955183,334.477990885155,0.3460325624982943,0.36457237500872,0.014366459777799415,1790637348.137645,1790637348.616307,0.004940785715820111,0.0023649664415142796,1,powermetrics,67697.3279400027,1.4781040259464248e-05,8a574dc
0,100,1,max,26.6.0,Apple M4 Pro GPU (24 GB unified),1,bfloat16,HuggingFaceTB/SmolLM2-135M-Instruct,1,0,1,100,1.390271541007678,71.92839459802173,0.22735575000115205,0.22735575000115205,0.011745409090912694,1790637350.064121,1790637351.4545028,1.0830083911401898,1.5057951704211203,2,powermetrics,66.41536223213895,0.015057951704211203,8a574dc
0,200,16,max,26.6.0,Apple M4 Pro GPU (24 GB unified),1,bfloat16,HuggingFaceTB/SmolLM2-135M-Instruct,16,0,16,3200,2.978830084000947,1074.2472412867517,0.3652547915044124,0.36798441600694787,0.013116882943470604,1790637353.198407,1790637356.177668,6.585840975459039,19.620940223442304,4,powermetrics,163.11466451888867,0.00613154381982572,8a574dc
0,200,4,max,26.6.0,Apple M4 Pro GPU (24 GB unified),1,bfloat16,HuggingFaceTB/SmolLM2-135M-Instruct,4,0,4,800,2.5295377080037724,316.26332253071394,0.23629606250324287,0.23676875000819564,0.011520592597973254,1790637358.2160242,1790637360.7456908,7.556593276041384,19.115662090328886,2,powermetrics,41.85263265834951,0.023894577612911107,8a574dc
0,50,1,max,26.6.0,Apple M4 Pro GPU (24 GB unified),1,bfloat16,HuggingFaceTB/SmolLM2-135M-Instruct,1,0,1,50,0.6177540000062436,80.93836705143902,0.08141445799265057,0.08141445799265057,0.01094310630614185,1790637361.360717,1790637361.978562,1.2154155038874395,0.7509384630296295,1,powermetrics,66.59316652828774,0.01501876926059259,8a574dc
0,10,1,max,26.6.0,Apple M4 Pro GPU (24 GB unified),1,bfloat16,HuggingFaceTB/SmolLM2-135M-Instruct,1,0,1,10,0.1777203749952605,56.26816846558355,0.07609983299334999,0.07609983299334999,0.011277189888965545,1790637362.3005068,1790637362.478396,0.1986624384183505,0.035339884094032784,1,powermetrics,283.23506402902404,0.0035339884094032783,8a574dc
0,50,4,max,26.6.0,Apple M4 Pro GPU (24 GB unified),1,bfloat16,HuggingFaceTB/SmolLM2-135M-Instruct,4,0,4,200,0.6636489169904962,301.36416240526177,0.09209395800280618,0.0927494579955237,0.011648169857148694,1790637363.383564,1790637364.0473468,4.932421458658664,3.274056699276399,2,powermetrics,61.09862365395182,0.016370283496381994,8a574dc
0,2048,2,max,26.6.0,Apple M4 Pro GPU (24 GB unified),1,bfloat16,HuggingFaceTB/SmolLM2-135M-Instruct,2,0,2,4096,24.3591917080048,168.1500785863101,0.29281797949806787,0.29292974999407306,0.01175672359941431,1790637365.253608,1790637389.612942,9.392004138300807,228.7829656591568,25,powermetrics,17.903535402054416,0.055855216225380075,8a574dc
0,2048,32,max,26.6.0,Apple M4 Pro GPU (24 GB unified),1,bfloat16,HuggingFaceTB/SmolLM2-135M-Instruct,32,0,32,65536,53.65018083300674,1221.542946965816,0.3038828540011309,0.30891104199690744,0.026060646520869726,1790637390.544318,1790637444.1950688,17.831236956986274,956.6592517807983,55,powermetrics,68.50578846058214,0.014597461727612279,8a574dc
0,100,32,max,26.6.0,Apple M4 Pro GPU (24 GB unified),1,bfloat16,HuggingFaceTB/SmolLM2-135M-Instruct,32,0,32,3200,1.8890565000037896,1693.967332365962,0.5003075619970332,0.5066605409956537,0.014070754078285532,1790637446.133066,1790637448.022648,6.620354370655989,12.509703492702334,3,powermetrics,255.87260704265174,0.0039092823414694795,8a574dc
0,1024,1,max,26.6.0,Apple M4 Pro GPU (24 GB unified),1,bfloat16,HuggingFaceTB/SmolLM2-135M-Instruct,1,0,1,1024,11.326633542004856,90.40638563987197,0.23652866699558217,0.23652866699558217,0.010840642839687933,1790637449.9492931,1790637461.2760231,4.333976445865472,49.089781084558716,13,powermetrics,20.85991623838147,0.04793923934038937,8a574dc
0,2048,1,max,26.6.0,Apple M4 Pro GPU (24 GB unified),1,bfloat16,HuggingFaceTB/SmolLM2-135M-Instruct,1,0,1,2048,23.17325604200596,88.37774011073836,0.23716150000109337,0.23716150000109337,0.01120467411675677,1790637463.2278268,1790637486.401263,4.910701604746804,113.79783016225578,23,powermetrics,17.996968096230948,0.055565346758913954,8a574dc
0,1024,2,max,26.6.0,Apple M4 Pro GPU (24 GB unified),1,bfloat16,HuggingFaceTB/SmolLM2-135M-Instruct,2,0,2,2048,12.407553041994106,165.0607491314703,0.07640054150397191,0.07653820799896494,0.012053502301071231,1790637487.451232,1790637499.858943,9.858599566958755,122.32265457796866,13,powermetrics,16.742819100257798,0.05972785868064876,8a574dc
0,10,4,max,26.6.0,Apple M4 Pro GPU (24 GB unified),1,bfloat16,HuggingFaceTB/SmolLM2-135M-Instruct,4,0,4,40,0.20982966700103134,190.63081294316402,0.10233245800191071,0.10279862499737646,0.011855502333168665,1790637500.579956,1790637500.789912,2.0725999449936925,0.43515465044031154,1,powermetrics,91.97665637482402,0.01087886626100779,8a574dc
0,200,32,max,26.6.0,Apple M4 Pro GPU (24 GB unified),1,bfloat16,HuggingFaceTB/SmolLM2-135M-Instruct,32,0,32,6400,3.174925749990507,2015.7951725388023,0.33819506249710685,0.3431763749977108,0.01427470761353417,1790637501.5149949,1790637504.690531,11.164470167831555,35.45317867719078,4,powermetrics,180.55448599316065,0.005539559168311059,8a574dc
0,10,32,max,26.6.0,Apple M4 Pro GPU (24 GB unified),1,bfloat16,HuggingFaceTB/SmolLM2-135M-Instruct,32,0,32,320,0.4255956669949228,751.8873541628832,0.37359414599632146,0.3797887919936329,0.006707473229198513,1790637505.7359009,1790637506.1620421,4.568156990564071,1.946680185221801,2,powermetrics,164.5931511802183,0.006083375578818128,8a574dc
0,1024,16,max,26.6.0,Apple M4 Pro GPU (24 GB unified),1,bfloat16,HuggingFaceTB/SmolLM2-135M-Instruct,16,0,16,16384,15.913113040995086,1029.5911276311444,0.33379264600080205,0.3367251669988036,0.015229992645773268,1790637507.8583622,1790637523.771797,13.204404574563302,210.12743052911983,17,powermetrics,77.97330972534179,0.01282516055475585,8a574dc
0,50,2,max,26.6.0,Apple M4 Pro GPU (24 GB unified),1,bfloat16,HuggingFaceTB/SmolLM2-135M-Instruct,2,0,2,100,0.6366171249974286,157.0802858946088,0.07660943749942817,0.07674012500501703,0.01142216878583802,1790637524.843796,1790637525.4805582,1.7715476456412524,1.1280544738149334,2,powermetrics,88.66839471187352,0.011280544738149333,8a574dc
0,100,2,max,26.6.0,Apple M4 Pro GPU (24 GB unified),1,bfloat16,HuggingFaceTB/SmolLM2-135M-Instruct,2,0,2,200,1.351032499995199,148.0349288419862,0.25105495849857107,0.2512937499996042,0.011107373525238022,1790637526.873645,1790637528.2247748,4.685823427786762,6.331155531553159,3,powermetrics,31.592084320579488,0.031655777657765796,8a574dc
0,1024,4,max,26.6.0,Apple M4 Pro GPU (24 GB unified),1,bfloat16,HuggingFaceTB/SmolLM2-135M-Instruct,4,0,4,4096,12.353971584001556,331.5532962132062,0.2490036669987603,0.24973862500337418,0.011832028887584016,1790637529.9598,1790637542.3139331,10.466394149010071,129.3032266987117,14,powermetrics,31.677891305532864,0.031568170580740164,8a574dc
0,50,32,max,26.6.0,Apple M4 Pro GPU (24 GB unified),1,bfloat16,HuggingFaceTB/SmolLM2-135M-Instruct,32,0,32,1600,1.1527237499976764,1388.0168600700952,0.4939992289946531,0.49873808400298003,0.013543662070166034,1790637544.0678651,1790637545.221132,3.5146714065140396,4.053354221191931,2,powermetrics,394.92080468676687,0.002533346388244957,8a574dc
0,2048,16,max,26.6.0,Apple M4 Pro GPU (24 GB unified),1,bfloat16,HuggingFaceTB/SmolLM2-135M-Instruct,16,0,16,32768,39.2663904580113,834.5050211589929,0.3190996039993479,0.3340748339978745,0.019023748253267293,1790637547.3217978,1790637586.5885792,16.12072603060963,633.0090239265387,39,powermetrics,51.76597006700912,0.01931790234150814,8a574dc
0,200,1,max,26.6.0,Apple M4 Pro GPU (24 GB unified),1,bfloat16,HuggingFaceTB/SmolLM2-135M-Instruct,1,0,1,200,2.190041249996284,91.32248079817646,0.07163274999766145,0.07163274999766145,0.010644645939684056,1790637587.709993,1790637589.9001222,4.053089720280521,8.876790471219504,3,powermetrics,22.531571492539246,0.04438395235609752,8a574dc
0,200,2,max,26.6.0,Apple M4 Pro GPU (24 GB unified),1,bfloat16,HuggingFaceTB/SmolLM2-135M-Instruct,2,0,2,400,2.3024092090054182,173.73106328600454,0.07996589549293276,0.08008845799486153,0.011166897718611832,1790637590.683176,1790637592.985688,8.51289586751524,19.60104429776598,3,powermetrics,20.407986423157492,0.04900261074441495,8a574dc
0,50,16,max,26.6.0,Apple M4 Pro GPU (24 GB unified),1,bfloat16,HuggingFaceTB/SmolLM2-135M-Instruct,16,0,16,800,0.7937632910034154,1007.8571396123656,0.1965532495014486,0.1999247500061756,0.012125060216819793,1790637593.7661738,1790637594.560232,4.013599084687837,3.1870308010896733,2,powermetrics,251.11056643833996,0.003983788501362092,8a574dc
0,10,2,max,26.6.0,Apple M4 Pro GPU (24 GB unified),1,bfloat16,HuggingFaceTB/SmolLM2-135M-Instruct,2,0,2,20,0.18633945799956564,107.33099803288373,0.07315039599052398,0.07328149999375455,0.012538504611357994,1790637595.676208,1790637595.8626509,0.917178487393168,0.17100137300121368,1,powermetrics,117.0230216998908,0.008550068650060683,8a574dc
0,100,16,max,26.6.0,Apple M4 Pro GPU (24 GB unified),1,bfloat16,HuggingFaceTB/SmolLM2-135M-Instruct,16,0,16,1600,1.4433515840064501,1108.5310174799724,0.23713481199956732,0.2389972079981817,0.01216043655367317,1790637596.637423,1790637598.081109,7.784062637331245,11.23774231843975,3,powermetrics,142.4103413767018,0.007023588949024844,8a574dc
0,1024,32,max,26.6.0,Apple M4 Pro GPU (24 GB unified),1,bfloat16,HuggingFaceTB/SmolLM2-135M-Instruct,32,0,32,32768,20.73546495899791,1580.2876889809368,0.5063297920059995,0.5111678329994902,0.019778808340422536,1790637599.561997,1790637620.298144,16.461113178972997,341.34006538381806,22,powermetrics,96.00126502984959,0.010416872112543276,8a574dc
0,100,4,max,26.6.0,Apple M4 Pro GPU (24 GB unified),1,bfloat16,HuggingFaceTB/SmolLM2-135M-Instruct,4,0,4,400,1.3517138330062153,295.92062331003814,0.23830352100048913,0.23869479198765475,0.011241205805576597,1790637621.7998772,1790637623.151816,5.264790906308175,7.117674702727303,3,powermetrics,56.20747881088146,0.017794186756818257,8a574dc
0,2048,4,max,26.6.0,Apple M4 Pro GPU (24 GB unified),1,bfloat16,HuggingFaceTB/SmolLM2-135M-Instruct,4,0,4,8192,26.563174000009894,308.39688058350816,0.23787849999644095,0.23856262498884462,0.012860058133734104,1790637625.012386,1790637651.5757499,12.10083450297862,321.43886907140154,27,powermetrics,25.485587833433826,0.03923814319719257,8a574dc
1,2048,2,max,26.6.0,Apple M4 Pro GPU (24 GB unified),1,bfloat16,HuggingFaceTB/SmolLM2-135M-Instruct,2,0,2,4096,24.93587133398978,164.26135446154603,0.2571164164983202,0.2572424999962095,0.012055905705666503,1790637653.1371021,1790637678.073092,11.537917972076528,287.70940551936735,25,powermetrics,14.236654729135955,0.0702415540818768,8a574dc
1,200,2,max,26.6.0,Apple M4 Pro GPU (24 GB unified),1,bfloat16,HuggingFaceTB/SmolLM2-135M-Instruct,2,0,2,400,2.4929950829973677,160.44957438065768,0.2500624790045549,0.2502207080106018,0.011269173575372167,1790637679.654967,1790637682.1480682,8.481431853394351,21.14506725285972,4,powermetrics,18.917746101614224,0.05286266813214931,8a574dc
1,100,2,max,26.6.0,Apple M4 Pro GPU (24 GB unified),1,bfloat16,HuggingFaceTB/SmolLM2-135M-Instruct,2,0,2,200,1.4199851659941487,140.8465417735386,0.24549787499563536,0.24554754099517595,0.011861027777768235,1790637683.7218711,1790637685.141964,6.811000676751812,9.67225316570699,3,powermetrics,20.6792729083546,0.048361265828534956,8a574dc
1,100,1,max,26.6.0,Apple M4 Pro GPU (24 GB unified),1,bfloat16,HuggingFaceTB/SmolLM2-135M-Instruct,1,0,1,100,1.274694667008589,78.45015954658119,0.23188262499752454,0.23188262499752454,0.010532274838440553,1790637686.687368,1790637687.9621491,3.090188318533486,3.939314056706718,2,powermetrics,25.386853958405798,0.03939314056706718,8a574dc
1,1024,16,max,26.6.0,Apple M4 Pro GPU (24 GB unified),1,bfloat16,HuggingFaceTB/SmolLM2-135M-Instruct,16,0,16,16384,16.094018125004368,1018.0179910786296,0.22849774950009305,0.23045187500247266,0.015507960321482769,1790637688.79368,1790637704.888006,13.780967069435746,221.79537687655855,17,powermetrics,73.87130278661292,0.013537315483188388,8a574dc
1,10,2,max,26.6.0,Apple M4 Pro GPU (24 GB unified),1,bfloat16,HuggingFaceTB/SmolLM2-135M-Instruct,2,0,2,20,0.21307704198989086,93.86276350198663,0.0849301665002713,0.08517495800333563,0.014200511555019248,1790637705.73394,1790637705.947134,0.905684491177786,0.19308661882774053,1,powermetrics,103.63737528498912,0.009654330941387027,8a574dc
1,50,1,max,26.6.0,Apple M4 Pro GPU (24 GB unified),1,bfloat16,HuggingFaceTB/SmolLM2-135M-Instruct,1,0,1,50,0.5965333339991048,83.81761278083923,0.07609658299770672,0.07609658299770672,0.010619006816378548,1790637706.799299,1790637707.395915,0.8240707580319393,0.4916538238813368,2,powermetrics,101.71166973697012,0.009833076477626736,8a574dc
1,2048,32,max,26.6.0,Apple M4 Pro GPU (24 GB unified),1,bfloat16,HuggingFaceTB/SmolLM2-135M-Instruct,32,0,32,65536,54.39916587500193,1204.7243546084553,0.48828910449083196,0.4927508749970002,0.026338411016883924,1790637708.977591,1790637763.377488,18.806619306631497,1023.0781505683453,56,powermetrics,64.05852827486392,0.015610933693974996,8a574dc
1,50,4,max,26.6.0,Apple M4 Pro GPU (24 GB unified),1,bfloat16,HuggingFaceTB/SmolLM2-135M-Instruct,4,0,4,200,0.8085254159959732,247.3638998146177,0.260009978999733,0.2606733340071514,0.011179258290806557,1790637765.4359858,1790637766.24465,3.4306691861669845,2.7742589531576662,2,powermetrics,72.10368776215122,0.013871294765788331,8a574dc
1,1024,1,max,26.6.0,Apple M4 Pro GPU (24 GB unified),1,bfloat16,HuggingFaceTB/SmolLM2-135M-Instruct,1,0,1,1024,11.143955084000481,91.888381843011,0.23566616700554732,0.23566616700554732,0.010662936094816262,1790637767.527034,1790637778.671097,4.980899493388399,55.50745773061974,12,powermetrics,18.44815017146658,0.05420650169005834,8a574dc
1,50,32,max,26.6.0,Apple M4 Pro GPU (24 GB unified),1,bfloat16,HuggingFaceTB/SmolLM2-135M-Instruct,32,0,32,1600,1.0025150000001304,1595.98609497094,0.3311514375018305,0.3366917090024799,0.013779921048446378,1790637779.5676758,1790637780.570694,7.354430525067379,7.3766272318432415,2,powermetrics,217.01015320371366,0.004610392019902026,8a574dc
1,2048,16,max,26.6.0,Apple M4 Pro GPU (24 GB unified),1,bfloat16,HuggingFaceTB/SmolLM2-135M-Instruct,16,0,16,32768,39.19196874999034,836.0896644164649,0.19640000000072177,0.19909458300389815,0.019051740705421587,1790637781.474654,1790637820.666943,15.790728052652371,618.8747791600769,40,powermetrics,52.94813903631421,0.018886559422609767,8a574dc
1,200,4,max,26.6.0,Apple M4 Pro GPU (24 GB unified),1,bfloat16,HuggingFaceTB/SmolLM2-135M-Instruct,4,0,4,800,2.5526340000069467,313.40176460778275,0.28090320849150885,0.2816356670082314,0.011428072340465438,1790637822.01163,1790637824.564401,8.099356466387547,20.675801115796258,3,powermetrics,38.69465011305588,0.025844751394745322,8a574dc
1,100,16,max,26.6.0,Apple M4 Pro GPU (24 GB unified),1,bfloat16,HuggingFaceTB/SmolLM2-135M-Instruct,16,0,16,1600,1.5018358749948675,1065.3627514427753,0.3118832705076784,0.3140247910050675,0.011995441997474113,1790637825.889503,1790637827.3916821,6.39739028738747,9.610026277340017,3,powermetrics,166.53083579145553,0.006006266423337511,8a574dc
1,10,1,max,26.6.0,Apple M4 Pro GPU (24 GB unified),1,bfloat16,HuggingFaceTB/SmolLM2-135M-Instruct,1,0,1,10,0.3455214999994496,28.941759051219474,0.2456540830025915,0.2456540830025915,0.011083388888639294,1790637829.119744,1790637829.46536,0.14402446452429143,0.049777139714902476,1,powermetrics,200.95029790121598,0.0049777139714902476,8a574dc
1,200,32,max,26.6.0,Apple M4 Pro GPU (24 GB unified),1,bfloat16,HuggingFaceTB/SmolLM2-135M-Instruct,32,0,32,6400,3.269622124993475,1957.412739251259,0.5546562704985263,0.5620714579999913,0.013625766200538462,1790637830.8046458,1790637834.0752242,10.139093509177458,33.1607000685202,5,powermetrics,193.05599040777122,0.005181359385706281,8a574dc
1,1024,4,max,26.6.0,Apple M4 Pro GPU (24 GB unified),1,bfloat16,HuggingFaceTB/SmolLM2-135M-Instruct,4,0,4,4096,12.698855041002389,322.54876418186757,0.267152749998786,0.2674143750045914,0.012151645446238701,1790637836.21939,1790637848.918384,10.438588628750384,132.55957603199616,13,powermetrics,30.89965278385343,0.03236317774218656,8a574dc
1,50,2,max,26.6.0,Apple M4 Pro GPU (24 GB unified),1,bfloat16,HuggingFaceTB/SmolLM2-135M-Instruct,2,0,2,100,0.7963961250061402,125.56565364909203,0.2448463124965201,0.24509249998664018,0.011248871602108513,1790637850.265503,1790637851.062009,1.8376590985027907,1.4637068038053607,2,powermetrics,68.3291333802853,0.014637068038053607,8a574dc
1,100,4,max,26.6.0,Apple M4 Pro GPU (24 GB unified),1,bfloat16,HuggingFaceTB/SmolLM2-135M-Instruct,4,0,4,400,1.4064822910004295,284.39746633104096,0.26966689599794336,0.2701027089933632,0.011474871628807806,1790637853.214159,1790637854.6207738,4.031906029698302,5.671338614662445,2,powermetrics,70.53672983353775,0.014178346536656112,8a574dc
1,1024,2,max,26.6.0,Apple M4 Pro GPU (24 GB unified),1,bfloat16,HuggingFaceTB/SmolLM2-135M-Instruct,2,0,2,2048,11.840946957992855,172.95913977703975,0.24193683300109114,0.24215274999733083,0.011337931166665413,1790637856.3809128,1790637868.2220118,10.215934018140882,120.967886329607,12,powermetrics,16.930330547349723,0.05906635074687842,8a574dc
1,100,32,max,26.6.0,Apple M4 Pro GPU (24 GB unified),1,bfloat16,HuggingFaceTB/SmolLM2-135M-Instruct,32,0,32,3200,1.8921135419950588,1691.2304304031861,0.5267240835019038,0.531958665989805,0.01384481322350099,1790637869.604497,1790637871.497272,8.895384972361985,16.836962813633747,3,powermetrics,190.124478665943,0.005261550879260546,8a574dc
1,200,1,max,26.6.0,Apple M4 Pro GPU (24 GB unified),1,bfloat16,HuggingFaceTB/SmolLM2-135M-Instruct,1,0,1,200,2.1873977089999244,91.43284697479169,0.07254237499728333,0.07254237499728333,0.010626875422119828,1790637872.467733,1790637874.6552398,3.1983914471731993,6.996503404813756,3,powermetrics,28.587134653452697,0.03498251702406878,8a574dc
1,10,16,max,26.6.0,Apple M4 Pro GPU (24 GB unified),1,bfloat16,HuggingFaceTB/SmolLM2-135M-Instruct,16,0,16,160,0.29328158299904317,545.5507923950411,0.1812404790034634,0.18479324999498203,0.012585200507095983,1790637875.6251252,1790637875.9187489,4.811158168617477,1.4126699946132537,1,powermetrics,113.39282003938133,0.008829187466332836,8a574dc
1,50,16,max,26.6.0,Apple M4 Pro GPU (24 GB unified),1,bfloat16,HuggingFaceTB/SmolLM2-135M-Instruct,16,0,16,800,0.7825817080010893,1022.2574739747002,0.17130235400691163,0.17449975000636186,0.01240124245149283,1790637876.4838989,1790637877.266804,5.961960741307195,4.667649480958359,2,powermetrics,171.46330181143801,0.005834561851197949,8a574dc
1,10,4,max,26.6.0,Apple M4 Pro GPU (24 GB unified),1,bfloat16,HuggingFaceTB/SmolLM2-135M-Instruct,4,0,4,40,0.35344587499275804,113.1715004477548,0.24278991700703045,0.24329366700840183,0.012221994194179488,1790637878.6195042,1790637878.973094,1.1701166479378484,0.4137412801362632,1,powermetrics,96.71813545017264,0.01034353200340658,8a574dc
1,1024,32,max,26.6.0,Apple M4 Pro GPU (24 GB unified),1,bfloat16,HuggingFaceTB/SmolLM2-135M-Instruct,32,0,32,32768,20.257415542000672,1617.5804821725917,0.2621788745018421,0.2673653330130037,0.019549312213679806,1790637879.5338721,1790637899.79185,15.542821683228036,314.86613913380586,21,powermetrics,104.07251110125597,0.00960895199993304,8a574dc
1,2048,1,max,26.6.0,Apple M4 Pro GPU (24 GB unified),1,bfloat16,HuggingFaceTB/SmolLM2-135M-Instruct,1,0,1,2048,23.407101250006235,87.49481527531968,0.0758808329992462,0.0758808329992462,0.011397705565218763,1790637900.766714,1790637924.1740642,3.9707967754143225,92.94583015244108,25,powermetrics,22.03457397191783,0.04538370612912162,8a574dc
1,2048,4,max,26.6.0,Apple M4 Pro GPU (24 GB unified),1,bfloat16,HuggingFaceTB/SmolLM2-135M-Instruct,4,0,4,8192,27.409809458011296,298.87110352040975,0.2685434585000621,0.26929808300337754,0.013258613000732606,1790637926.029988,1790637953.4401448,11.077520469854235,303.63657222345137,27,powermetrics,26.979964003112556,0.03706501125774553,8a574dc
1,200,16,max,26.6.0,Apple M4 Pro GPU (24 GB unified),1,bfloat16,HuggingFaceTB/SmolLM2-135M-Instruct,16,0,16,3200,3.056914875007351,1046.8070361273324,0.3871514369966462,0.3897240420046728,0.013401383912071711,1790637955.32725,1790637958.3844569,8.626856996619862,26.37408646902847,4,powermetrics,121.34280613872326,0.008241902021571396,8a574dc
1,10,32,max,26.6.0,Apple M4 Pro GPU (24 GB unified),1,bfloat16,HuggingFaceTB/SmolLM2-135M-Instruct,32,0,32,320,0.4544964999950025,704.0758289745215,0.32651664599688957,0.3326809590071207,0.014384461076335557,1790637959.3950589,1790637959.8502772,8.371132417737629,3.8106927948867035,1,powermetrics,84.1075966595215,0.011908414984020949,8a574dc
2,10,16,max,26.6.0,Apple M4 Pro GPU (24 GB unified),1,bfloat16,HuggingFaceTB/SmolLM2-135M-Instruct,16,0,16,160,0.34493983299762476,463.8490098680536,0.2661252920006518,0.2692594999971334,0.008313618625228022,1790637960.437973,1790637960.783255,3.2144615802204397,1.1098959733924114,1,powermetrics,144.30068560229736,0.0069368498337025715,8a574dc
2,1024,4,max,26.6.0,Apple M4 Pro GPU (24 GB unified),1,bfloat16,HuggingFaceTB/SmolLM2-135M-Instruct,4,0,4,4096,12.922095582995098,316.97645120271,0.08039620849740459,0.08062608398904558,0.012552428692327349,1790637961.38024,1790637974.302502,10.144808894181418,131.09387799732662,14,powermetrics,31.245187022154028,0.03200534130794107,8a574dc
2,200,4,max,26.6.0,Apple M4 Pro GPU (24 GB unified),1,bfloat16,HuggingFaceTB/SmolLM2-135M-Instruct,4,0,4,800,2.4858427500003017,321.8224483426809,0.25678720849828096,0.2572474579937989,0.011197545120606507,1790637975.739274,1790637978.225246,8.472855833258087,21.06328174844434,4,powermetrics,37.98275984815497,0.026329102185555425,8a574dc
2,200,1,max,26.6.0,Apple M4 Pro GPU (24 GB unified),1,bfloat16,HuggingFaceTB/SmolLM2-135M-Instruct,1,0,1,200,2.638970874992083,75.7871190983114,0.30277262500021607,0.30277262500021607,0.011738686346675353,1790637979.674505,1790637982.313644,2.954485940919742,7.797298885489914,4,powermetrics,25.65154162646602,0.03898649442744957,8a574dc
2,10,1,max,26.6.0,Apple M4 Pro GPU (24 GB unified),1,bfloat16,HuggingFaceTB/SmolLM2-135M-Instruct,1,0,1,10,0.33637504099169746,29.728721758065348,0.23953033299767412,0.23953033299767412,0.010748124999938428,1790637983.7734451,1790637984.109905,0.24374335808566783,0.08200985981961864,2,powermetrics,121.9673101722701,0.008200985981961863,8a574dc
2,2048,1,max,26.6.0,Apple M4 Pro GPU (24 GB unified),1,bfloat16,HuggingFaceTB/SmolLM2-135M-Instruct,1,0,1,2048,22.298608541997964,91.84429585113917,0.2667779170005815,0.2667779170005815,0.010762913613580451,1790637985.5721788,1790638007.870903,4.919997889790388,109.70967588355552,23,powermetrics,18.667547813735364,0.05356917767751734,8a574dc
2,10,32,max,26.6.0,Apple M4 Pro GPU (24 GB unified),1,bfloat16,HuggingFaceTB/SmolLM2-135M-Instruct,32,0,32,320,0.6718303749948973,476.3107056635099,0.5412074784981087,0.5464799170003971,0.015056113000102615,1790638008.9122372,1790638009.58472,1.2304065132345836,0.8274271297478502,2,powermetrics,387.1165346901075,0.0025857097804620316,8a574dc
2,50,4,max,26.6.0,Apple M4 Pro GPU (24 GB unified),1,bfloat16,HuggingFaceTB/SmolLM2-135M-Instruct,4,0,4,200,0.7895845000020927,253.2977787677822,0.24542043750261655,0.2458376670110738,0.011091710882673007,1790638011.053796,1790638011.8435578,2.4577514189057728,1.941038139552305,1,powermetrics,103.06078019906265,0.009705190697761525,8a574dc
2,100,32,max,26.6.0,Apple M4 Pro GPU (24 GB unified),1,bfloat16,HuggingFaceTB/SmolLM2-135M-Instruct,32,0,32,3200,1.6173603749921313,1978.5324591098436,0.2751492085008067,0.281830624997383,0.013568474984206871,1790638012.8797948,1790638014.497626,7.146601007165245,11.561994298910387,3,powermetrics,276.8494361342056,0.003613123218409496,8a574dc
2,200,2,max,26.6.0,Apple M4 Pro GPU (24 GB unified),1,bfloat16,HuggingFaceTB/SmolLM2-135M-Instruct,2,0,2,400,2.485923083004309,160.906024299267,0.26304158299899427,0.26318412499676924,0.011168557788925736,1790638015.969907,1790638018.455952,7.199226848100875,17.897601072518633,4,powermetrics,22.350458972092717,0.04474400268129658,8a574dc
2,1024,1,max,26.6.0,Apple M4 Pro GPU (24 GB unified),1,bfloat16,HuggingFaceTB/SmolLM2-135M-Instruct,1,0,1,1024,11.18095995899057,91.58426501443691,0.23260058400046546,0.23260058400046546,0.010702093719450264,1790638019.9355478,1790638031.1166039,4.308626233579727,48.17499129828873,13,powermetrics,21.256024553874134,0.04704588993973509,8a574dc
2,1024,32,max,26.6.0,Apple M4 Pro GPU (24 GB unified),1,bfloat16,HuggingFaceTB/SmolLM2-135M-Instruct,32,0,32,32768,20.559761208001873,1593.7928300084864,0.4952605209982721,0.5001543329999549,0.019617739868433428,1790638033.071007,1790638053.631392,15.929406971857661,327.51473998442606,20,powermetrics,100.0534943218053,0.009994956664563783,8a574dc
2,100,4,max,26.6.0,Apple M4 Pro GPU (24 GB unified),1,bfloat16,HuggingFaceTB/SmolLM2-135M-Instruct,4,0,4,400,1.3070700829994166,306.0279668264571,0.09760077099781483,0.09813904199108947,0.012209174136373666,1790638054.260184,1790638055.5674748,6.606406958694493,8.636494988379402,2,powermetrics,46.32290573981412,0.021591237470948505,8a574dc
2,200,16,max,26.6.0,Apple M4 Pro GPU (24 GB unified),1,bfloat16,HuggingFaceTB/SmolLM2-135M-Instruct,16,0,16,3200,2.901288958993973,1102.9580456231445,0.4065216875023907,0.41011087500373833,0.012546141476761578,1790638056.6508539,1790638059.552503,9.22811624836228,26.776756468046198,4,powermetrics,119.52147284868536,0.008367736396264437,8a574dc
2,100,1,max,26.6.0,Apple M4 Pro GPU (24 GB unified),1,bfloat16,HuggingFaceTB/SmolLM2-135M-Instruct,1,0,1,100,1.128683542003273,88.59879344259103,0.068071499990765,0.068071499990765,0.010712214222300159,1790638060.618134,1790638061.746923,2.4079565001955965,2.718074684827816,2,powermetrics,36.794183547499394,0.027180746848278158,8a574dc
2,100,16,max,26.6.0,Apple M4 Pro GPU (24 GB unified),1,bfloat16,HuggingFaceTB/SmolLM2-135M-Instruct,16,0,16,1600,1.4422128750011325,1109.4062657003694,0.21248602099512937,0.2152325409988407,0.012387410037244806,1790638062.380136,1790638063.82269,7.963902537981629,11.488359438200765,2,powermetrics,139.30434989747343,0.007180224648875478,8a574dc
2,1024,16,max,26.6.0,Apple M4 Pro GPU (24 GB unified),1,bfloat16,HuggingFaceTB/SmolLM2-135M-Instruct,16,0,16,16384,16.103270749998046,1017.4330578154123,0.180606229492696,0.19394016699516214,0.015560269794719361,1790638064.456157,1790638080.5597599,13.448381532890833,216.56739566777895,17,powermetrics,75.65468419579462,0.013218224833238462,8a574dc
2,2048,16,max,26.6.0,Apple M4 Pro GPU (24 GB unified),1,bfloat16,HuggingFaceTB/SmolLM2-135M-Instruct,16,0,16,32768,39.17874733300414,836.3718145831648,0.20941375000256812,0.21562512501259334,0.019035727966993883,1790638081.6617742,1790638120.8409028,15.603532689446801,611.3328145851748,40,powermetrics,53.60143957328531,0.01865639692947921,8a574dc
2,50,2,max,26.6.0,Apple M4 Pro GPU (24 GB unified),1,bfloat16,HuggingFaceTB/SmolLM2-135M-Instruct,2,0,2,100,0.6201741249969928,161.24503743280954,0.0753431664998061,0.07547962499666028,0.011112014030561335,1790638121.9670458,1790638122.587317,0.45729642779340784,0.2836478067221395,2,powermetrics,352.60506671977544,0.002836478067221395,8a574dc
2,200,32,max,26.6.0,Apple M4 Pro GPU (24 GB unified),1,bfloat16,HuggingFaceTB/SmolLM2-135M-Instruct,32,0,32,6400,3.3290817919914844,1922.4520152661876,0.5244737704997533,0.5305050829920219,0.014077930720944567,1790638124.1722932,1790638127.501877,10.062179052845773,33.502869205088466,4,powermetrics,191.05722579270562,0.005234823313295073,8a574dc
2,50,16,max,26.6.0,Apple M4 Pro GPU (24 GB unified),1,bfloat16,HuggingFaceTB/SmolLM2-135M-Instruct,16,0,16,800,0.9764437499979977,819.2996268363032,0.37094818700279575,0.373663457998191,0.012302109695193228,1790638129.084032,1790638130.060819,3.028794543365022,2.95848668701373,2,powermetrics,270.50353370158047,0.0036981083587671625,8a574dc
2,50,32,max,26.6.0,Apple M4 Pro GPU (24 GB unified),1,bfloat16,HuggingFaceTB/SmolLM2-135M-Instruct,32,0,32,1600,1.136611374997301,1407.6931088286876,0.4686116044977098,0.47519800000009127,0.013662661961749405,1790638132.106569,1790638133.243666,3.994164642762874,4.541752160946907,2,powermetrics,352.43742677941975,0.002838595100591817,8a574dc
2,1024,2,max,26.6.0,Apple M4 Pro GPU (24 GB unified),1,bfloat16,HuggingFaceTB/SmolLM2-135M-Instruct,2,0,2,2048,11.775670832998003,173.91790489430602,0.24533306199737126,0.24557408300461248,0.011270775782501834,1790638135.293802,1790638147.069601,9.67680230431273,113.95207924694003,13,powermetrics,17.97266280998577,0.05564066369479494,8a574dc
2,50,1,max,26.6.0,Apple M4 Pro GPU (24 GB unified),1,bfloat16,HuggingFaceTB/SmolLM2-135M-Instruct,1,0,1,50,0.761220583008253,65.68398321864335,0.2388661669974681,0.2388661669974681,0.010658017000033786,1790638149.614389,1790638150.3756979,1.3809126561664065,1.0513011069481322,1,powermetrics,47.565631993692236,0.021026022138962642,8a574dc
2,100,2,max,26.6.0,Apple M4 Pro GPU (24 GB unified),1,bfloat16,HuggingFaceTB/SmolLM2-135M-Instruct,2,0,2,200,1.449051582996617,138.02131155773142,0.33787389550707303,0.34499641600996256,0.011220742217082802,1790638151.510067,1790638152.959201,6.5426181978275775,9.481131208367247,2,powermetrics,21.095730697469136,0.04740565604183623,8a574dc
2,2048,2,max,26.6.0,Apple M4 Pro GPU (24 GB unified),1,bfloat16,HuggingFaceTB/SmolLM2-135M-Instruct,2,0,2,4096,24.82812395899964,164.97420452564205,0.07851595849933801,0.07864912500372157,0.012090535407424996,1790638153.6319501,1790638178.460544,10.442057922652381,259.26161636591905,26,powermetrics,15.799012584268164,0.0632962930580857,8a574dc
2,10,4,max,26.6.0,Apple M4 Pro GPU (24 GB unified),1,bfloat16,HuggingFaceTB/SmolLM2-135M-Instruct,4,0,4,40,0.37822795899410266,105.75632776164937,0.2766005419980502,0.2772419160028221,0.011206008111104084,1790638179.627124,1790638180.005496,1.3228650135337874,0.5005350200017011,2,powermetrics,79.9449125040665,0.012513375500042528,8a574dc
2,10,2,max,26.6.0,Apple M4 Pro GPU (24 GB unified),1,bfloat16,HuggingFaceTB/SmolLM2-135M-Instruct,2,0,2,20,0.3695556669990765,54.11904561606947,0.2542384795015096,0.25452079200476874,0.012776125000123607,1790638181.629303,1790638181.998955,0.9785549823729266,0.3617248384917745,1,powermetrics,55.305063681587534,0.018086241924588724,8a574dc
2,2048,32,max,26.6.0,Apple M4 Pro GPU (24 GB unified),1,bfloat16,HuggingFaceTB/SmolLM2-135M-Instruct,32,0,32,65536,54.47147249999398,1203.1251771283996,0.3527327080082614,0.35867395799141377,0.026438731370113804,1790638182.6803782,1790638237.152416,18.328044833508017,998.3659508280912,56,powermetrics,65.64394555216283,0.01523385545086809,8a574dc
2,2048,4,max,26.6.0,Apple M4 Pro GPU (24 GB unified),1,bfloat16,HuggingFaceTB/SmolLM2-135M-Instruct,4,0,4,8192,26.673328832999687,307.12327101314133,0.45392637500481214,0.454195707992767,0.01281005639362454,1790638239.330167,1790638266.00368,11.784718271459624,314.3398352566328,27,powermetrics,26.061146642507037,0.03837156192097568,8a574dc
