label,round,gap_s,ttft_s,latency_s,itl_s,error
gpu,0,0.5,0.08687020800425671,0.30834162500104867,0.011656390368252209,
gpu,0,0.05,0.07393199999933131,0.2966561249922961,0.011722322368050778,
gpu,0,1.0,0.09272166700975504,0.3164507500041509,0.011775214894441888,
gpu,0,0.1,0.08223766701121349,0.300311958999373,0.011477594315166291,
gpu,0,0.0,0.06620333300088532,0.306960165995406,0.012671412262869509,
gpu,0,0.25,0.09508404099324252,0.339883541004383,0.012884184211112657,
gpu,0,5.0,0.24939458299195394,0.46106079099990893,0.01114032673726079,
gpu,0,2.0,0.2533416660007788,0.4659247910021804,0.01118858552638956,
gpu,1,0.05,0.07894862499961164,0.2920177499909187,0.011214164473226686,
gpu,1,0.0,0.06448679100139998,0.29742225000518374,0.012259761000199145,
gpu,1,0.5,0.09441999999398831,0.3178626250009984,0.011760138158263688,
gpu,1,1.0,0.10522454099555034,0.3390439999930095,0.012306287315655745,
gpu,1,0.25,0.10452175000682473,0.33985770800791215,0.012386103052688812,
gpu,1,0.1,0.08685129099467304,0.2971197499864502,0.011066760999567219,
gpu,1,5.0,0.2567363749985816,0.49093274999177083,0.012326124999641539,
gpu,1,2.0,0.2674660409975331,0.5112021250097314,0.012828214948010435,
gpu,2,1.0,0.10341008300019894,0.3289230829977896,0.011869105263031088,
gpu,2,0.5,0.09670087500126101,0.312225750007201,0.011343414473996841,
gpu,2,0.25,0.08940233300381806,0.3405464999959804,0.01321811405221907,
gpu,2,2.0,0.27286383300088346,0.49415650000446476,0.0116469824738727,
gpu,2,0.0,0.06464499999128748,0.2853907079988858,0.011618195158294648,
gpu,2,0.05,0.08107970900891814,0.31681491700874176,0.012407116210517032,
gpu,2,5.0,0.2635277910012519,0.4808281250006985,0.0114368596841814,
gpu,2,0.1,0.08769962500082329,0.3248871660034638,0.012483554789612657,
gpu,3,0.25,0.08902341699285898,0.3079106669902103,0.011520381578807965,
gpu,3,5.0,0.2620467499946244,0.5059096670011058,0.01283489036876218,
gpu,3,0.05,0.07603762501094025,0.27813304201117717,0.010636600894749312,
gpu,3,0.1,0.07705725000414532,0.28823274999740534,0.011114499999645264,
gpu,3,2.0,0.27080383399152197,0.47990791700431146,0.01100547805330471,
gpu,3,1.0,0.09426895799697377,0.34608841700537596,0.013253655737284325,
gpu,3,0.0,0.06760537500667851,0.3000644160056254,0.012234686368365624,
gpu,3,0.5,0.08937291700567584,0.309137667005416,0.011566565789460009,
gpu,4,0.0,0.0654524580022553,0.29295437499240506,0.011973785104744724,
gpu,4,2.0,0.25547837499470916,0.47187149999081157,0.011389111841900126,
gpu,4,5.0,0.25350254199292976,0.4788781669922173,0.011861874999962501,
gpu,4,0.05,0.0729505000053905,0.3083248330076458,0.012388122789592384,
gpu,4,0.5,0.11036283300200012,0.3367560000042431,0.011915429842223315,
gpu,4,0.1,0.0789031669992255,0.2912729579984443,0.011177357421011516,
gpu,4,0.25,0.09743449999950826,0.33783387498988304,0.012652598683703936,
gpu,4,1.0,0.0993540000054054,0.32742345800215844,0.012003655684039634,
gpu,5,0.05,0.07590216699463781,0.2780525839916663,0.010639495631422554,
gpu,5,0.25,0.08689441700698808,0.30318674999580253,0.011383806999411286,
gpu,5,1.0,0.10343683300015982,0.3309836659900611,0.011976149104731647,
gpu,5,0.0,0.06616608299373183,0.2807795830012765,0.01129544736881814,
gpu,5,0.1,0.07373191599617712,0.3238202909997199,0.013162546052818039,
gpu,5,0.5,0.10538654100673739,0.3347761659970274,0.012073138157383687,
gpu,5,2.0,0.26162641699193045,0.49700129199482035,0.012388151315941573,
gpu,5,5.0,0.26760787500825245,0.4774514160089893,0.011044396894775625,
gpu,6,0.1,0.07960366700717714,0.33456208399729803,0.013418864052111627,
gpu,6,0.5,0.09606441599316895,0.3588149580027675,0.01382897589524203,
gpu,6,5.0,0.24755095900036395,0.4769732919958187,0.012074859631339726,
gpu,6,2.0,0.25275654198776465,0.4980089579912601,0.012908021894920813,
gpu,6,0.0,0.068484500006889,0.29672325000865385,0.012012565789566571,
gpu,6,0.25,0.08968283399008214,0.3231455420027487,0.012287510948035082,
gpu,6,1.0,0.08909737499197945,0.3372668329975568,0.013061550421346175,
gpu,6,0.05,0.0754805829928955,0.2993085420021089,0.011780418895221757,
gpu,7,0.25,0.08814854199590627,0.322547083007521,0.012336765316400775,
gpu,7,0.1,0.07511820799845736,0.29184037500817794,0.011406429842616873,
gpu,7,2.0,0.26167295798950363,0.4702316249895375,0.010976771947370205,
gpu,7,0.5,0.10795070799940731,0.3285137500060955,0.011608581158246747,
gpu,7,0.05,0.07780041599471588,0.29803366599662695,0.011591223684311109,
gpu,7,0.0,0.06623316599871032,0.28704120800830424,0.011621475895241784,
gpu,7,5.0,0.26275491699925624,0.4793744579947088,0.01140102847344487,
gpu,7,1.0,0.0996443750045728,0.3220319579995703,0.011704609631315657,
cpu,0,0.5,0.038383792008971795,0.13703637500293553,0.005192241210208617,
cpu,0,0.05,0.030389458988793194,0.13044629199430346,0.0052661491055531725,
cpu,0,1.0,0.0503587089915527,0.14907158400455955,0.005195414474368782,
cpu,0,0.1,0.027482707999297418,0.1278824579931097,0.005284197368095384,
cpu,0,0.0,0.029393332995823584,0.1305211250000866,0.005322515368645422,
cpu,0,0.25,0.02941712499887217,0.1295467909949366,0.005269982420845497,
cpu,0,5.0,0.04696795799827669,0.1429936250060564,0.005053982474093668,
cpu,0,2.0,0.04990637500304729,0.14785925000614952,0.005155414473847486,
cpu,1,0.05,0.029915999999502674,0.1298109170020325,0.0052576272106594655,
cpu,1,0.0,0.028977624999242835,0.12672504200600088,0.005144600895092529,
cpu,1,0.5,0.04082412499701604,0.13923629200144205,0.005179587737075053,
cpu,1,1.0,0.04944149999937508,0.15580662499996834,0.005598164473715434,
cpu,1,0.25,0.033876000001328066,0.13347783300559968,0.005242201737066927,
cpu,1,0.1,0.03601070800505113,0.1326978750003036,0.0050887982629080255,
cpu,1,5.0,0.05738583298807498,0.158464832988102,0.005319947368422474,
cpu,1,2.0,0.04461529200489167,0.14599408399953973,0.0053357258944551605,
cpu,2,1.0,0.0583302500017453,0.16668200001004152,0.0057027236846471695,
cpu,2,0.5,0.043084040997200646,0.1603167499997653,0.006170142579082351,
cpu,2,0.25,0.029256042005727068,0.1224366250098683,0.0049042412107442755,
cpu,2,2.0,0.04991849999350961,0.14773008300107904,0.005147978053029969,
cpu,2,0.0,0.02483658400888089,0.11961262499971781,0.004988212683728259,
cpu,2,0.05,0.029028000004473142,0.1224671250092797,0.004917848684463503,
cpu,2,5.0,0.04943075000483077,0.15488133300095797,0.005550030684006694,
cpu,2,0.1,0.027703416999429464,0.12584816699381918,0.005165513157599459,
cpu,3,0.25,0.029522041004383937,0.13145562499994412,0.005364925473450536,
cpu,3,5.0,0.053664999999455176,0.1513114580011461,0.005139287263246891,
cpu,3,0.05,0.028384083998389542,0.12395862500125077,0.005030239000150591,
cpu,3,0.1,0.03448262500751298,0.12800254199828487,0.004922100894251152,
cpu,3,2.0,0.05241579200082924,0.15151733400125522,0.005215870631601368,
cpu,3,1.0,0.047427291006897576,0.14909320800506976,0.0053508377367459045,
cpu,3,0.0,0.028892332993564196,0.1255209999944782,0.005085719315837578,
cpu,3,0.5,0.03871633300150279,0.13840275000256952,0.0052466535263719334,
cpu,4,0.0,0.025620707994676195,0.1358207500015851,0.005800002210889943,
cpu,4,2.0,0.05611220900027547,0.15026874998875428,0.004955607420446253,
cpu,4,5.0,0.05289433299913071,0.15879250000580214,0.005573587737193233,
cpu,4,0.05,0.029832834014086984,0.12599079200299457,0.005060945157310925,
cpu,4,0.5,0.03362633299548179,0.13169712499075104,0.00516162063132996,
cpu,4,0.1,0.035139999992679805,0.1347211249958491,0.005241111842272068,
cpu,4,0.25,0.02688366601068992,0.12388454101164825,0.0051053092105767545,
cpu,4,1.0,0.05334420800500084,0.171773124995525,0.006233100894238113,
cpu,5,0.05,0.03344279200246092,0.12863999999535736,0.005010379368047181,
cpu,5,0.25,0.03213345899712294,0.1323582500044722,0.005274989000386803,
cpu,5,1.0,0.05163679200632032,0.14921562500239816,0.005135728052425149,
cpu,5,0.0,0.028907083004014567,0.12482983300287742,0.005048565789413834,
cpu,5,0.1,0.03329908300656825,0.12803354200150352,0.004986024157628172,
cpu,5,0.5,0.03267487499397248,0.12630879199423362,0.0049281008947505865,
cpu,5,2.0,0.04596299999684561,0.15224962499632966,0.005594032894709687,
cpu,5,5.0,0.04029045801144093,0.13673774999915622,0.005076173262511331,
cpu,6,0.1,0.03530291700735688,0.12883995899755973,0.0049230022100106765,
cpu,6,0.5,0.05314891700982116,0.15033475001109764,0.005115043842172446,
cpu,6,5.0,0.04176887500216253,0.14178629100206308,0.0052640745263105556,
cpu,6,2.0,0.04793733400583733,0.14947562500310596,0.005344120578803613,
cpu,6,0.0,0.02874737500678748,0.1223957500042161,0.0049288618419699275,
cpu,6,0.25,0.029634542006533593,0.12762216699775308,0.0051572434205905,
cpu,6,1.0,0.04472520800482016,0.13995391699427273,0.005012037315234346,
cpu,6,0.05,0.03136095800437033,0.12520162500732113,0.004938982473839515,
cpu,7,0.25,0.0282418749993667,0.12183495800127275,0.004925951736942424,
cpu,7,0.1,0.026921582990325987,0.11921512499975506,0.00485755484260153,
cpu,7,2.0,0.05155495800136123,0.15637949999654666,0.005517081157641338,
cpu,7,0.5,0.04135049998876639,0.15727904198865872,0.006101502210520649,
cpu,7,0.05,0.02736445800110232,0.12587895800243132,0.005184973684280473,
cpu,7,0.0,0.028514917008578777,0.12506274999759626,0.005081464894158815,
cpu,7,5.0,0.049458459005109034,0.14476316700165626,0.00501603726297617,
cpu,7,1.0,0.05670575000112876,0.1523016249993816,0.005031361842013307,
